from_region,af-south-1,ap-east-1,ap-east-2,ap-northeast-1,ap-northeast-2,ap-northeast-3,ap-south-1,ap-south-2,ap-southeast-1,ap-southeast-2,ap-southeast-3,ap-southeast-4,ap-southeast-5,ap-southeast-6,ap-southeast-7,ca-central-1,ca-west-1,eu-central-1,eu-central-2,eu-north-1,eu-south-1,eu-south-2,eu-west-1,eu-west-2,eu-west-3,eusc-de-east-1,il-central-1,me-central-1,me-south-1,mx-central-1,sa-east-1,us-east-1,us-east-2,us-west-1,us-west-2
af-south-1,1.238,254.946,269.712,293.77000000000004,288.076,294.33600000000007,164.42400000000004,181.08999999999997,221.18,311.784,235.666,321.544,226.08999999999997,336.918,247.244,222.51800000000003,289.416,155.174,152.13000000000002,173.93599999999998,192.012,131.278,157.604,148.312,145.892,290.53200000000004,224.836,141.38899999999998,158.606,282.974,337.024,226.584,236.78599999999997,286.43600000000004,277.96000000000004
ap-east-1,254.67399999999998,1.7900000000000003,16.363999999999997,52.199,39.544,50.876000000000005,95.251,80.49600000000001,35.761,126.721,50.157,137.127,40.666999999999994,154.04900000000004,62.116,204.18200000000002,162.065,193.75,186.96599999999998,212.138,183.31400000000002,200.73399999999998,259.29799999999994,199.95,196.688,400.5,230.198,120.429,129.628,213.256,317.89300000000003,204.921,192.079,155.19799999999998,146.04399999999998
ap-east-2,275.98600000000005,19.25,1.6800000000000002,35.24,66.402,37.544,113.992,93.53599999999999,49.138,154.07000000000002,66.518,166.09,56.916,179.66,77.77000000000001,182.632,143.03,208.76399999999998,203.034,227.79000000000002,199.852,210.91400000000004,237.106,248.084,199.18,510.642,249.96999999999997,140.207,148.55,194.94400000000002,295.43199999999996,179.73600000000002,168.24200000000002,142.816,135.85
ap-northeast-1,294.828,52.492000000000004,34.956,1.536,35.6,10.280000000000001,130.47200000000004,113.22,70.16399999999999,109.74000000000001,84.256,137.018,74.696,143.884,96.624,154.708,109.02799999999999,228.74,221.106,247.02200000000002,217.748,231.75,203.87,214.49399999999997,221.22199999999998,423.675,263.428,164.57000000000002,171.972,165.514,260.384,149.68599999999998,136.45200000000003,109.178,103.62199999999999
ap-northeast-2,288.052,38.95,62.879999999999995,34.985,1.815,25.02,129.228,110.964,68.737,143.42000000000002,83.272,153.332,73.99600000000001,166.87,94.85900000000001,178.426,138.23499999999999,227.707,220.52100000000002,245.62900000000002,217.094,246.02299999999997,236.089,246.685,253.00799999999998,427.8299999999999,263.09799999999996,154.53000000000003,164.26600000000002,188.651,292.34000000000003,181.394,168.20100000000002,131.79,127.935
ap-northeast-3,293.573,50.48100000000001,32.4,10.122,25.076,1.552,137.77300000000002,119.224,76.63900000000001,120.63900000000001,91.263,131.494,81.799,144.48,102.636,156.487,115.81200000000001,234.613,228.60899999999998,253.60399999999998,225.19,239.67699999999996,213.98200000000003,224.746,231.36499999999998,441.192,270.33,162.66000000000003,168.983,170.021,270.3879999999999,159.81400000000002,146.714,109.694,104.709
ap-south-1,163.67399999999998,94.793,107.595,130.016,129.443,137.775,1.59,14.403,62.833,153.519,77.22399999999999,164.107,67.75299999999999,181.45600000000002,89.174,188.11200000000002,246.22000000000003,126.44300000000001,118.33699999999999,145.525,115.185,118.482,122.75999999999999,114.293,105.898,241.164,136.037,28.568000000000005,38.87400000000001,244.101,297.812,190.01099999999997,199.57600000000002,235.07,234.674
ap-south-2,180.33800000000002,80.668,89.37700000000001,114.049,113.553,121.179,14.982,1.076,46.797,138.906,61.967,149.162,52.801,169.465,73.983,205.53099999999998,222.16199999999998,145.187,142.469,164.48000000000002,134.356,134.503,139.423,131.072,122.92,269.48199999999997,152.13,44.309,55.312,263.163,314.661,202.647,212.996,216.865,215.57099999999997
ap-southeast-1,221.23000000000002,35.712,46.198,70.01,68.982,76.526,62.88399999999999,45.690000000000005,1.366,93.952,17.233999999999998,103.84599999999998,7.65,120.76400000000001,29.084000000000003,223.632,179.796,161.876,154.80800000000002,180.348,151.75600000000003,167.424,174.92799999999997,166.436,159.86599999999999,271.90999999999997,196.392,87.976,95.86800000000001,235.70999999999998,329.21999999999997,220.30600000000004,208.052,175.11200000000002,170.42000000000002
ap-southeast-2,312.12199999999996,126.82,149.644,108.815,143.41899999999998,120.59899999999999,153.546,136.661,94.178,1.2559999999999998,108.43900000000001,13.463,98.97199999999998,26.729,120.539,197.664,157.078,252.35399999999998,245.802,271.57899999999995,242.512,273.589,255.159,266.01800000000003,281.21799999999996,495.10999999999996,291.514,179.64000000000001,186.426,204.92,311.604,201.524,188.399,139.142,145.378
ap-southeast-3,240.941,56.331,66.89599999999999,90.797,90.674,98.244,83.995,67.173,18.162999999999997,116.171,1.056,126.47699999999998,28.538,144.756,49.683,245.648,203.24099999999999,182.256,176.51800000000003,201.643,172.63899999999998,187.329,194.30200000000002,186.077,180.39300000000003,327.782,221.70600000000002,109.984,113.322,258.40999999999997,353.07500000000005,236.93200000000002,225.07799999999997,195.08100000000002,185.254
ap-southeast-4,323.67100000000005,141.098,163.23399999999998,139.022,156.185,134.259,167.303,151.049,106.27099999999999,13.951,121.71799999999999,1.2000000000000002,112.338,39.955,133.32600000000002,210.94299999999998,170.55599999999998,265.201,259.07599999999996,284.115,255.95,287.278,267.876,279.62800000000004,293.48400000000004,520.5999999999999,305.375,193.71200000000002,197.82,217.95299999999997,325.69000000000005,211.01299999999998,200.154,152.14,156.105
ap-southeast-5,228.95499999999998,44.206,52.38900000000001,77.588,78.148,85.06299999999999,70.104,54.616,8.238,102.81199999999998,25.14,112.963,0.9560000000000001,130.015,26.369999999999997,231.163,187.03199999999998,170.35399999999998,163.267,188.553,160.234,174.45299999999997,183.139,174.85899999999998,168.49399999999997,402.804,207.47200000000004,97.01400000000001,103.046,243.09300000000002,339.02700000000004,225.233,215.102,182.483,176.68300000000002
ap-southeast-6,341.614,161.464,178.574,148.43800000000002,173.762,153.49399999999997,189.39600000000002,175.228,127.492,27.168,141.632,42.44799999999999,133.056,1.442,153.244,237.244,196.47400000000002,290.88,284.77200000000005,310.148,281.534,307.46999999999997,293.394,305.282,313.128,683.39,330.604,213.48399999999998,215.95499999999998,246.38999999999996,353.722,228.04799999999994,218.44,170.53400000000002,180.68800000000002
ap-southeast-7,252.179,67.92699999999999,75.383,101.801,100.839,108.6,95.24300000000001,79.036,29.703,126.10499999999999,48.55500000000001,136.52800000000002,27.883000000000003,153.79900000000004,1.106,256.398,214.102,195.04500000000002,188.159,212.99900000000002,184.154,199.13,205.11599999999999,198.33399999999997,191.476,472.63599999999997,232.417,120.71399999999998,125.000000,268.657,364.935,248.67499999999998,239.38299999999998,207.314,197.65800000000002
ca-central-1,222.57,203.955,177.82800000000003,152.809,178.40800000000002,156.35500000000002,188.077,204.57799999999997,222.897,197.60399999999998,238.34199999999998,208.05,228.18800000000002,230.20799999999997,250.543,1.3199999999999998,48.059999999999995,93.435,93.595,104.76399999999998,102.195,105.96099999999998,68.989,79.432,86.094,149.85399999999998,136.609,195.00599999999997,169.22999999999996,73.569,125.612,16.424,26.683,79.31700000000001,66.87
ca-west-1,299.20900000000006,169.154,142.225,115.964,146.27599999999998,125.78999999999999,253.894,230.659,187.61,166.42399999999998,203.756,177.41899999999998,192.598,199.17499999999998,215.88299999999998,53.303,1.02,167.226,168.608,178.574,176.69299999999998,174.773,141.728,151.892,159.625,271.544,211.97599999999997,277.654,258.78599999999994,83.37800000000001,200.938,54.82599999999999,43.771,46.70400000000001,28.837000000000003
eu-central-1,155.17000000000002,193.051,203.917,228.06799999999998,227.748,234.368,126.049,144.434,161.519,252.26799999999997,175.76100000000002,261.899,166.529,283.717,188.00600000000003,93.19,159.522,1.936,8.504000000000001,23.929000000000002,12.075,32.313,21.652,14.206999999999999,10.31,18.728,58.227999999999994,113.122,86.128,150.59199999999998,203.413,92.186,103.059,153.261,148.195
eu-central-2,153.572,188.222,199.10399999999998,222.685,222.592,230.49,120.153,143.14499999999998,156.208,247.678,170.625,257.865,161.36599999999999,279.62,182.89600000000002,95.28299999999999,161.649,9.25,1.163,29.351999999999997,7.5169999999999995,31.246000000000002,28.32,19.979,12.362,33.343999999999994,43.04899999999999,110.52600000000001,91.98599999999999,151.245,203.906,92.394,103.037,153.204,150.24900000000002
eu-north-1,174.291,211.85,223.37900000000002,246.42300000000003,246.395,253.589,145.7,165.48000000000002,180.4,271.892,194.75,281.356,185.468,303.039,206.904,104.828,171.303,24.774,28.092000000000002,2.509,32.114,53.799,38.795,30.572,32.174,34.782,79.828,133.36700000000002,104.82000000000001,169.86399999999998,222.826,112.252,122.81800000000001,172.26000000000002,155.416
eu-south-1,192.161,183.119,194.698,217.60199999999998,217.313,225.19,115.276,134.82300000000004,151.765,242.726,165.953,252.778,156.606,274.486,178.02999999999997,102.332,168.54700000000003,12.522,6.213000000000001,31.793,1.11,26.468,36.072,27.551000000000002,21.116,40.298,44.482,105.571,83.366,159.76299999999998,212.504,101.971,112.402,162.161,157.47
eu-south-2,138.11200000000002,207.91700000000003,211.983,236.007,253.55600000000004,247.139,124.69500000000001,138.04500000000002,172.877,281.709,187.31099999999998,291.50200000000007,177.469,306.70799999999997,199.03399999999996,111.674,172.951,33.699,35.09,57.834999999999994,31.198,1.2029999999999998,32.48100000000001,25.823,20.319000000000003,103.324,64.408,124.08,97.70599999999999,168.00300000000001,224.882,98.93200000000002,113.21900000000001,170.673,156.514
eu-west-1,157.937,258.374,234.29899999999998,203.805,236.651,214.165,123.202,139.053,175.772,255.32999999999998,189.099,265.74300000000005,180.941,288.014,200.93400000000003,69.071,135.16,22.06,27.665,38.533,36.239,32.304,1.435,12.078,18.863,45.514,70.813,129.56,103.55999999999999,127.58099999999999,178.14,69.67999999999999,80.525,130.085,123.88300000000001
eu-west-2,148.065,199.267,244.01299999999998,214.21699999999998,246.43499999999997,224.322,113.87,130.251,166.662,265.653,179.999,276.001,171.623,298.313,191.43099999999998,79.06,145.418,14.458000000000002,18.701999999999998,29.063000000000002,27.209000000000003,22.134999999999998,11.55,1.674,10.247,30.532,61.821000000000005,120.338,94.452,135.238,186.899,77.162,88.087,147.23700000000002,135.22799999999998
eu-west-3,145.524,196.32100000000003,193.539,220.98900000000003,253.204,231.35600000000002,106.088,122.386,160.77299999999997,281.533,173.36399999999998,290.61800000000005,165.346,305.85900000000004,185.377,86.09700000000001,152.30900000000003,10.704,10.934999999999999,31.628,21.226,16.031,18.730999999999998,10.141,1.8730000000000002,32.734,53.914,112.53400000000002,90.27400000000002,141.994,194.744,84.268,94.419,144.39600000000002,141.932
eusc-de-east-1,165.743,203.769,216.624,238.701,238.421,245.995,139.53300000000002,157.38299999999998,171.861,264.106,186.63400000000001,274.269,177.665,297.283,199.502,96.99600000000001,163.841,14.346,20.234,24.399,24.353,42.964,30.409,22.247,23.379,1.1640000000000001,68.17099999999999,126.73599999999999,98.77799999999999,162.395,214.895,103.614,114.27100000000002,164.982,154.289
il-central-1,236.256,243.733,250.135,278.03200000000004,278.368,287.725,147.335,163.14600000000002,207.014,303.82500000000005,225.723,316.323,216.39600000000002,338.39400000000006,238.879,145.483,213.154,67.353,50.626999999999995,87.68400000000001,53.56699999999999,68.18699999999998,78.816,69.74600000000001,54.559,112.244,1.286,151.94,125.89799999999998,203.19800000000004,260.755,135.753,147.513,204.28500000000003,192.572
me-central-1,153.54199999999997,129.47000000000003,143.238,172.99,164.458,172.394,30.368000000000002,53.166,95.13,187.948,111.386,198.36800000000002,103.10799999999999,215.81,123.71799999999999,202.3,275.42,114.378,117.96199999999999,133.914,114.322,125.872,134.728,125.954,117.81800000000001,211.03300000000002,149.20600000000002,2.604,17.058,267.834,314.528,195.25400000000002,206.804,262.894,263.134
me-south-1,204.654,130.426,146.46,174.524,165.43800000000002,171.10399999999998,38.4,56.04,98.60400000000001,188.82200000000003,112.854,198.684,103.083,211.78999999999996,123.88199999999999,167.428,255.77100000000002,86.708,90.898,105.45499999999998,91.70200000000001,93.40599999999999,102.39000000000001,93.465,89.334,169.87199999999999,113.296,14.656,2.9890000000000003,223.62599999999998,276.87199999999996,167.31,176.44,226.058,263.566
mx-central-1,293.246,223.298,195.604,171.51500000000001,196.417,176.731,258.13800000000003,272.953,243.11200000000002,214.72600000000003,258.622,226.536,249.102,249.32399999999998,270.32500000000005,82.355,84.295,159.18200000000002,158.788,178.06900000000002,169.279,170.41000000000003,132.33499999999998,140.99200000000002,150.44400000000002,395.82599999999996,201.79500000000002,261.88599999999997,231.91,1.124,181.86,59.602000000000004,56.401,54.436,65.50699999999999
sa-east-1,337.09000000000003,315.62399999999997,290.049,260.26199999999994,292.28499999999997,270.601,298.323,313.488,329.42499999999995,311.787,343.59000000000003,322.187,334.148,344.41700000000003,355.968,125.97,191.724,203.976,202.575,222.82599999999996,212.786,216.98000000000002,178.294,187.467,194.942,381.97999999999996,245.541,304.0679999999999,277.742,171.88800000000003,1.472,114.52600000000001,124.85799999999999,174.313,180.566
us-east-1,226.761,204.76500000000001,179.371,149.513,181.579,159.83,191.148,202.96800000000002,219.603,203.39100000000002,235.39800000000002,210.15499999999997,225.585,225.765,247.99900000000002,16.302999999999997,50.95599999999999,93.19200000000001,91.738,112.15599999999999,101.941,97.69300000000001,69.481,78.023,84.40599999999999,160.89000000000001,134.76,193.359,167.836,58.7,114.51999999999998,1.8969999999999998,13.914,61.46600000000001,68.25
us-east-2,237.63400000000001,192.1,166.636,136.80599999999998,169.03,146.804,202.94,214.26399999999998,208.42200000000003,188.514,223.9,198.71800000000002,213.18,213.962,236.106,26.812,40.303999999999995,103.768,102.71,122.94200000000001,112.82000000000001,108.31400000000001,80.696,88.804,95.138,179.04,145.594,204.06400000000002,179.36400000000003,55.403999999999996,125.16599999999998,14.026,1.6300000000000001,51.182,55.653999999999996
us-west-1,286.55600000000004,154.679,139.148,109.013,131.81,109.744,235.43200000000002,215.79299999999998,174.582,139.18699999999998,188.969,149.503,178.95800000000003,164.582,201.308,79.45599999999999,39.581,153.44600000000003,152.069,172.447,162.17899999999997,164.165,130.154,147.761,144.526,258.02599999999995,194.82,253.39600000000002,227.20999999999998,53.513,174.159,61.43899999999999,51.001,1.342,25.474999999999998
us-west-2,272.687,144.898,129.291,99.36,122.684,99.988,229.41499999999996,209.83100000000002,166.85,141.20999999999998,180.683,151.628,170.917,173.804,193.074,60.858000000000004,21.616000000000003,143.353,143.519,154.637,152.098,149.339,118.572,129.368,135.934,208.67400000000004,186.887,257.41400000000004,262.703,55.425,175.087,63.554,51.39,20.229999999999997,6.587
